{"plan": {"step1": {"goal": "check_balance", "query": ["Check the account balance from the database."]}, "step2": {"goal": "check_payee", "query": ["Check if Alex is a payee in the system."]}, "step3": {"goal": "retrieve_general_information", "query": ["Retrieve information regarding interest rates on personal loans from the knowledge base."]}, "step4": {"goal": "logical_result_comparator", "query": ["Compare if the account balance retrieved in step 1 is sufficient to transfer $5000 to Alex. If sufficient, transfer $5000 to Alex. If not sufficient, process a loan for the amount needed to transfer $5000 to Alex."]}}, "reason_for_plan": "The plan first checks the account balance and verifies if Alex is a payee. It then retrieves general information about interest rates on personal loans. Finally, it compares the account balance with the amount to be transferred ($5000) and either transfers the money to Alex if the balance is sufficient or processes a loan for the required amount if the balance is not sufficient. The steps are planned in a logical order to complete the tasks mentioned in the prompt."}