{
  "openapi": "3.1.0",
  "info": {
    "title": "Banking API",
    "version": "3.1"
  },
  "tags":[
    {
        "name":"account_action",
        "description":"Endpoints related to transaction, account updation etc."
    }
  ],
  "paths":{
    "/transfer_money":{
        "post":{
            "summary":"Transfer funds to a payee",
            "description":"Initiates a money transfer to a specified payee, do not check existence of payee and/or balance sufficiency. Always assume payee exists and sufficient balance is there to carry out the transaction.",
            "operationId":"/transfer_money",
            "parameters":[
                {
                    "$ref": ""
                }
            ],
            "tags": [
                "account_action"
            ],
            "requestBody":{
                "content": {
                    "application/json": {
                        "schema":{
                            "type": "object",
                            "properties":{
                                "payee_name":{
                                    "description":"The name of the person to which money is being transferred",
                                    "type":"string"
                                },
                                "amount":{
                                    "description":"The amount of money being transferred.",
                                    "type":"integer"
                                }
                            },
                            "required":[
                                "payee_name", 
                                "amount"
                            ]
                        }
                    }
                }
            },
            "responses":{
                "200":{
                    "description":"Successful response.",
                    "content": {
                        "application/json":{
                            "schema":{
                                "type":"object",
                                "properties":{
                                    "request_id": {
                                        "description": "Uniquely identifies the request. Please provide this identifier when contacting support.",
                                        "type": "string"
                                      },
                                      "data":{
                                        "description":"",
                                        "type":"object",
                                        "properties":{
                                            "id":{
                                                "description": "A signed integer number that uniquely identifies transaction.",
                                                "type": "integer" 
                                            }
                                        }
                                      }
                                }
                            }
                        }
                    }
                }
            }
        }
    },
    "/add_payee":{
        "post":{
            "summary":"Adds a new payee to the system with a specified transfer limit.",
            "description":"Adds a new payee to the system with a specified transfer limit.",
            "operationId": "/add_payee",
            "parameters": [
                {
                    "$ref":""
                }
            ],
            "tags":[
                "account_action"
            ],
            "requestBody":{
                "content":{
                    "application/json":{
                        "schema":{
                            "type":"object",
                            "properties":{
                                "payee_name": {
                                    "description": "The name of the payee to be added.",
                                    "type": "string",
                                    "pattern":"^[A-Za-z ]+$"
                                },
                                "limit": {
                                    "description": "The maximum amount that can be transferred to the payee.",
                                    "type": "integer"
                                }
                            },
                            "required":[
                                "payee_name",
                                "limit"
                            ]
                        }
                    }
                }
            },
            "responses":{
                "description": "Successful response.",
                "content": {
                    "application/json":{
                        "schema":{
                            "type":"object",
                            "properties":{
                                "request_id":{
                                    "description": "Uniquely identifies the request. Please provide this identifier when contacting support.",
                                    "type": "string"
                                },
                                "data":{
                                  "description":"",
                                  "type":"object",
                                  "properties":{
                                      "id":{
                                          "description": "A signed integer number that uniquely identifies transaction.",
                                          "type": "integer" 
                                      }
                                  }
                                }
                            }
                        }
                    }
                }
            }
        }
    },
    "/get_loan":{
        "post":{
            "summary":"Processes a loan request for a recipient",
            "description":"Processes a loan request for a recipient",
            "operationId": "/get_loan",
            "parameters": [
                {
                    "$ref":""
                }
            ],
            "tags":[
                "account_action"
            ],
            "requestBody":{
                "content":{
                    "application/json":{
                        "schema":{
                            "type":"object",
                            "properties":{
                                "type_of_loan": {
                                    "type": "string",
                                    "description": "The type of loan which is required.",
                                    "default": "",
                                    "enum": ["home_loan", "education_loan", "personal_loan"]
                                },
                                "tenure": {
                                    "type": "integer",
                                    "description": "The tenure (in years) for which loan is required."
                                },
                                "amount_required": {
                                    "type": "integer",
                                    "description": "The amount of money requested as a loan."
                                },
                                "credit_score": {
                                    "type": "integer",
                                    "description": "The credit score of the recipient. This value can be obtained by calling [calculate_credit_score](#calculate_credit_score)"
                                }
                            },
                            "required": ["type_of_loan", "tenure", "amount_required", "credit_score"]
                        }
                    }
                }
            },
            "responses":{
                "description": "Successful response.",
                "content": {
                    "application/json":{
                        "schema":{
                            "type":"object",
                            "properties":{
                                "request_id":{
                                    "description": "Uniquely identifies the request. Please provide this identifier when contacting support.",
                                    "type": "string"
                                },
                                "data":{
                                  "description":"",
                                  "type":"object",
                                  "properties":{
                                      "id":{
                                          "description": "A signed integer number that uniquely identifies transaction.",
                                          "type": "integer" 
                                      }
                                  }
                                }
                            }
                        }
                    }
                }
            }
        }
    },
    "/calculate_credit_score":{
        "post":{
            "summary":"Calculates the credit score of the recipient.",
            "description":"Calculates the credit score of the recipient.",
            "operationId":"/calculates_credit_score",
            "parameters":[
                {
                    "$ref": ""
                }
            ],
            "tags": [
                "account_action"
            ],
            "requestBody":{
                "content": {
                    "application/json": {
                        "schema":{
                            "type": "object",
                            "properties":{"outstanding_loan_amount": {
                                "type": "integer",
                                "description": "Total amount of money which the recepient has which is unpaid from some previous loans taken by the recipient. "
                            },
                           "yearly_income": {"description": "The income of the recipient on an yearly basis.",
                            "type": "integer"}},
                            "required":[
                                "outstanding_loan_amount", 
                                "yearly_income"
                            ]
                        }
                    }
                }
            },
            "responses":{
                "200":{
                    "description":"Successful response.",
                    "content": {
                        "application/json":{
                            "schema":{
                                "type":"object",
                                "properties":{
                                    "request_id": {
                                        "description": "Uniquely identifies the request. Please provide this identifier when contacting support.",
                                        "type": "string"
                                      },
                                      "data":{
                                        "description":"",
                                        "type":"object",
                                        "properties":{
                                            "id":{
                                                "description": "A signed integer number that uniquely identifies transaction.",
                                                "type": "integer" 
                                            }
                                        }
                                      }
                                }
                            }
                        }
                    }
                }
            }
        }
    },
    "/increase_limit":{
        "post":{
            "summary":"Increases the transfer limit for a specific payee.",
            "description":"Increases the transfer limit for a specific payee.",
            "operationId": "/increase_limit",
            "parameters": [
                {
                    "$ref":""
                }
            ],
            "tags":[
                "account_action"
            ],
            "requestBody":{
                "content":{
                    "application/json":{
                        "schema":{
                            "type": "object",
                            "properties": {
                                "increase_payee_limit": {
                                    "type": "boolean",
                                    "description": "Indicates whether to increase the payee's limit or not."
                                },
                                "new_payee_limit": {
                                    "type": "integer",
                                    "description": "The new limit for the payee."
                                },
                                "payee_name": {
                                    "type": "string",
                                    "description": "The name of the payee for which limit has to be increased."
                                }
                            },
                            "required": ["increase_payee_limit", "new_payee_limit"]
                        }
                    }
                }
            },
            "responses":{
                "description": "Successful response.",
                "content": {
                    "application/json":{
                        "schema":{
                            "type":"object",
                            "properties":{
                                "request_id":{
                                    "description": "Uniquely identifies the request. Please provide this identifier when contacting support.",
                                    "type": "string"
                                },
                                "data":{
                                  "description":"",
                                  "type":"object",
                                  "properties":{
                                      "id":{
                                          "description": "A signed integer number that uniquely identifies transaction.",
                                          "type": "integer" 
                                      }
                                  }
                                }
                            }
                        }
                    }
                }
            }
        }
    },
    "/increase_balance":{
        "post":{
            "summary":"Updates the account balance by either adding or subtracting a specified amount.",
            "description":"Updates the account balance by either adding or subtracting a specified amount.",
            "operationId": "/add_payee",
            "parameters": [
                {
                    "$ref":""
                }
            ],
            "tags":[
                "account_action"
            ],
            "requestBody":{
                "content":{
                    "application/json":{
                        "schema":{
                            "type": "object",
                            "properties": {
                                "increase_account_balance": {
                                    "type": "boolean",
                                    "description": "Indicates whether to increase or decrease the account balance."
                                },
                                "account_new_balance": {
                                    "type": "integer",
                                    "description": "The new balance of the user's account."
                                }
                            },
                            "required": ["increase_account_balance", "account_new_balance"]
                        }
                    }
                }
            },
            "responses":{
                "description": "Successful response.",
                "content": {
                    "application/json":{
                        "schema":{
                            "type":"object",
                            "properties":{
                                "request_id":{
                                    "description": "Uniquely identifies the request. Please provide this identifier when contacting support.",
                                    "type": "string"
                                },
                                "data":{
                                  "description":"",
                                  "type":"object",
                                  "properties":{
                                      "id":{
                                          "description": "A signed integer number that uniquely identifies transaction.",
                                          "type": "integer" 
                                      }
                                  }
                                }
                            }
                        }
                    }
                }
            }
        }
    },
    "/check_payee":{
        "post":{
            "summary":"Retrieves information about a payee from the database.",
            "description":"Retrieves information about a payee from the database.",
            "operationId": "/check_payee",
            "parameters": [
                {
                    "$ref":""
                }
            ],
            "tags":[
                "account_action"
            ],
            "requestBody":{
                "content":{
                    "application/json":{
                        "schema":{
                            "type": "object",
                            "properties": {
                                "payee_name": {
                                    "type": "string",
                                    "description": "The name of the payee to retrieve information for."
                                },
                                "check_payee": {
                                    "type": "boolean",
                                    "description": "Set to true to check if the person is a payee or not."
                                }
                            },
                            "required": ["payee_name", "check_payee"]
                        }
                    }
                }
            },
            "responses":{
                "description": "Successful response.",
                "content": {
                    "application/json":{
                        "schema":{
                            "type":"object",
                            "properties":{
                                "request_id":{
                                    "description": "Uniquely identifies the request. Please provide this identifier when contacting support.",
                                    "type": "string"
                                },
                                "data":{
                                  "description":"",
                                  "type":"object",
                                  "properties":{
                                      "id":{
                                          "description": "A signed integer number that uniquely identifies transaction.",
                                          "type": "integer" 
                                      }
                                  }
                                }
                            }
                        }
                    }
                }
            }
        }
    },
    "/check_balance":{
        "post":{
            "summary":"Retrieves the account balance information from the database.",
            "description":"Retrieves the account balance information from the database.",
            "operationId": "/check_balance",
            "parameters": [
                {
                    "$ref":""
                }
            ],
            "tags":[
                "account_action"
            ],
            "requestBody":{
                "content":{
                    "application/json":{
                        "schema":{
                            "type": "object",
                            "properties": {
                                "check_balance": {
                                    "type": "boolean",
                                    "description": "Set to true to retrieve the account balance."
                                }
                            },
                            "required": ["check_balance"]
                        }
                    }
                }
            },
            "responses":{
                "description": "Successful response.",
                "content": {
                    "application/json":{
                        "schema":{
                            "type":"object",
                            "properties":{
                                "request_id":{
                                    "description": "Uniquely identifies the request. Please provide this identifier when contacting support.",
                                    "type": "string"
                                },
                                "data":{
                                  "description":"",
                                  "type":"object",
                                  "properties":{
                                      "id":{
                                          "description": "A signed integer number that uniquely identifies transaction.",
                                          "type": "integer" 
                                      }
                                  }
                                }
                            }
                        }
                    }
                }
            }
        }
    }
  }
}